<?xml version="1.0" encoding="UTF-8" standalone="yes"?>
<mezodefiniciok xmlns:xsi="http://www.w3.org/2001/XMLSchema-instance">
	<mezodefinicio>
		<nyomtatvany>24KIVA</nyomtatvany>
		<lap>ELOLEG</lap>
		<eazon>0B0001C0005AA</eazon>
		<sornev>A kisvállalatiadó-előleg számított alapja</sornev>
	</mezodefinicio>
	<mezodefinicio>
		<nyomtatvany>24KIVA</nyomtatvany>
		<lap>ELOLEG</lap>
		<eazon>0B0001C0006AA</eazon>
		<sornev>A megállapított kisvállalatiadó-előleg összege</sornev>
	</mezodefinicio>
	<mezodefinicio>
		<nyomtatvany>2408A</nyomtatvany>
		<lap>2408A-01-01</lap>
		<eazon>0B0001D0001CA</eazon>
		<sornev>Magánszemélyhez nem köthető SZJA</sornev>
		<adonem>103</adonem>
	</mezodefinicio>
	<mezodefinicio>
		<nyomtatvany>2408A</nyomtatvany>
		<lap>2408A-01-01</lap>
		<eazon>0B0001D0014CA</eazon>
		<sornev>Magánszemélyhez nem köthető szociális hozzájárulási adó</sornev>
		<adonem>258</adonem>
	</mezodefinicio>
	<mezodefinicio>
		<nyomtatvany>2408A</nyomtatvany>
		<lap>2408A-02-01</lap>
		<eazon>0D0001C0074CA</eazon>
		<sornev>Magánszemélyektől levont SZJA</sornev>
		<adonem>290</adonem>
	</mezodefinicio>
	<mezodefinicio>
		<nyomtatvany>2408A</nyomtatvany>
		<lap>2408A-02-01</lap>
		<eazon>0D0001C0109CA</eazon>
		<sornev>Szociális hozzájárulási adó</sornev>
		<adonem>258</adonem>
	</mezodefinicio>
	<mezodefinicio>
		<nyomtatvany>2408A</nyomtatvany>
		<lap>2408A-02-01</lap>
		<eazon>0D0001C0123CA</eazon>
		<sornev>Nyugdíjbiztosítási alap</sornev>
		<adonem>291</adonem>
	</mezodefinicio>
	<mezodefinicio>
		<nyomtatvany>2408A</nyomtatvany>
		<lap>2408A-02-02</lap>
		<eazon>0E0001C0136CA</eazon>
		<sornev>Egészségbiztosítási alap</sornev>
		<adonem>408</adonem>
	</mezodefinicio>
	<mezodefinicio>
		<nyomtatvany>2408A</nyomtatvany>
		<lap>2408A-02-02</lap>
		<eazon>0E0001C0160CA</eazon>
		<sornev>A biztosítottól levont TB járulék</sornev>
		<adonem>407</adonem>
	</mezodefinicio>
	<mezodefinicio>
		<nyomtatvany>2408A</nyomtatvany>
		<lap>2408A-02-02</lap>
		<eazon>0E0001C0161CA</eazon>
		<sornev>Kifizető által megfizetett TB járulék</sornev>
		<adonem>406</adonem>
	</mezodefinicio>
	<mezodefinicio>
		<nyomtatvany>2465A</nyomtatvany>
		<lap>01-01</lap>
		<eazon>0B0001C0036BA</eazon>
		<sornev>Fizetendő ÁFA alap</sornev>
	</mezodefinicio>
	<mezodefinicio>
		<nyomtatvany>2465A</nyomtatvany>
		<lap>01-01</lap>
		<eazon>0B0001C0036CA</eazon>
		<sornev>Fizetendő ÁFA összeg</sornev>
	</mezodefinicio>
	<mezodefinicio>
		<nyomtatvany>2465A</nyomtatvany>
		<lap>01-03</lap>
		<eazon>0D0001C0076BA</eazon>
		<sornev>Levonható ÁFA alap</sornev>
	</mezodefinicio>
	<mezodefinicio>
		<nyomtatvany>2465A</nyomtatvany>
		<lap>01-03</lap>
		<eazon>0D0001C0076CA</eazon>
		<sornev>Levonható ÁFA összeg</sornev>
	</mezodefinicio>
	<mezodefinicio>
		<nyomtatvany>2508A</nyomtatvany>
		<lap>2508A-01-01</lap>
		<eazon>0B0001C0001CA</eazon>
		<sornev>Magánszemélyhez nem köthető SZJA</sornev>
		<adonem>103</adonem>
	</mezodefinicio>
	<mezodefinicio>
		<nyomtatvany>2508A</nyomtatvany>
		<lap>2508A-01-01</lap>
		<eazon>0B0001C0014CA</eazon>
		<sornev>Magánszemélyhez nem köthető szociális hozzájárulási adó</sornev>
		<adonem>258</adonem>
	</mezodefinicio>
	<mezodefinicio>
		<nyomtatvany>2508A</nyomtatvany>
		<lap>2508A-02-01</lap>
		<eazon>0E0001C0074CA</eazon>
		<sornev>Magánszemélyektől levont SZJA</sornev>
		<adonem>290</adonem>
	</mezodefinicio>
	<mezodefinicio>
		<nyomtatvany>2508A</nyomtatvany>
		<lap>2508A-02-01</lap>
		<eazon>0E0001C0109CA</eazon>
		<sornev>Szociális hozzájárulási adó</sornev>
		<adonem>258</adonem>
	</mezodefinicio>
	<mezodefinicio>
		<nyomtatvany>2508A</nyomtatvany>
		<lap>2508A-02-01</lap>
		<eazon>0E0001C0123CA</eazon>
		<sornev>Nyugdíjbiztosítási alap</sornev>
		<adonem>291</adonem>
	</mezodefinicio>
	<mezodefinicio>
		<nyomtatvany>2508A</nyomtatvany>
		<lap>2508A-02-02</lap>
		<eazon>0F0001C0136CA</eazon>
		<sornev>Egészségbiztosítási alap</sornev>
		<adonem>408</adonem>
	</mezodefinicio>
	<mezodefinicio>
		<nyomtatvany>2508A</nyomtatvany>
		<lap>2508A-02-02</lap>
		<eazon>0F0001C0160CA</eazon>
		<sornev>A biztosítottól levont TB járulék</sornev>
		<adonem>407</adonem>
	</mezodefinicio>
	<mezodefinicio>
		<nyomtatvany>2508A</nyomtatvany>
		<lap>2508A-02-02</lap>
		<eazon>0F0001C0161CA</eazon>
		<sornev>Kifizető által megfizetett TB járulék</sornev>
		<adonem>406</adonem>
	</mezodefinicio>
	<mezodefinicio>
		<nyomtatvany>2565A</nyomtatvany>
		<lap>01-01</lap>
		<eazon>0B0001C0036BA</eazon>
		<sornev>Fizetendő ÁFA alap</sornev>
	</mezodefinicio>
	<mezodefinicio>
		<nyomtatvany>2565A</nyomtatvany>
		<lap>01-01</lap>
		<eazon>0B0001C0036CA</eazon>
		<sornev>Fizetendő ÁFA összeg</sornev>
	</mezodefinicio>
	<mezodefinicio>
		<nyomtatvany>2565A</nyomtatvany>
		<lap>01-03</lap>
		<eazon>0D0001C0076BA</eazon>
		<sornev>Levonható ÁFA alap</sornev>
	</mezodefinicio>
	<mezodefinicio>
		<nyomtatvany>2565A</nyomtatvany>
		<lap>01-03</lap>
		<eazon>0D0001C0076CA</eazon>
		<sornev>Levonható ÁFA összeg</sornev>
	</mezodefinicio>
</mezodefiniciok>